title,url,price,review,city
"HP Laptop 14s-dq5000TU Natural silver Laptop Kosumer (66B31PA) /14""""/Intel¬Æ Core‚Ñ¢ i5-1240P/8 GB /Intel¬Æ Iris¬Æ X·µâ Graphics/512 GB SSD/W11",//www.lazada.co.id/products/hp-laptop-14s-dq5000tu-natural-silver-laptop-kosumer-66b31pa-14intel-core-i5-1240p8-gb-intel-iris-x-graphics512-gb-ssdw11-i6606874491.html,Rp10.599.000,,Kota Jakarta Utara
"HP 14s-fq1036AU & 14s-fq1037AU Silver&Gold Laptop Konsumer (463C7PA/463C8PA) / 14"" FHD  / AMD Ryzen‚Ñ¢ 7 5700U / 8GB / AMD Radeon‚Ñ¢ Graphics / 512GBSSD / W10/ GRATIS UPGRADE W11",//www.lazada.co.id/products/hp-14s-fq1036au-14s-fq1037au-silvergold-laptop-konsumer-463c7pa463c8pa-14-fhd-amd-ryzen-7-5700u-8gb-amd-radeon-graphics-512gbssd-w10-gratis-upgrade-w11-i5584622136.html,Rp10.699.000,(6),Kota Jakarta Utara
Laptop Lenovo Thinkpad T400 R400 Ram 4gb Hardisk 500gb Promo Murah Bagus,//www.lazada.co.id/products/laptop-lenovo-thinkpad-t400-r400-ram-4gb-hardisk-500gb-promo-murah-bagus-i6223034347.html,Rp1.550.000,(44),Kota Jakarta Utara
LAPTOP LEPTOP ACER  RAM 4GB HDD 500GB 14 INC GENERASI BARU WINDOWS10  SIAP PAKAI,//www.lazada.co.id/products/laptop-leptop-acer-ram-4gb-hdd-500gb-14-inc-generasi-baru-windows10-siap-pakai-i6294990318.html,Rp2.414.534,(2),Kota Jakarta Timur
"Victus by HP16-e0084AX & e0085AX & e0086AX Silver,Blue,White Laptop Gaming (492K2PA/492K3PA/492N7PA) / 16.1"" FHD 1920x1080 / AMD Ryzen‚Ñ¢ 7 5800H / 16GB / NVIDIA¬Æ GeForce RTX‚Ñ¢3060 / 512GBSSD / W10",//www.lazada.co.id/products/victus-by-hp16-e0084ax-e0085ax-e0086ax-silverbluewhite-laptop-gaming-492k2pa492k3pa492n7pa-161-fhd-1920x1080-amd-ryzen-7-5800h-16gb-nvidia-geforce-rtx3060-512gbssd-w10-i5912942327.html,Rp17.899.000,,Kota Jakarta Utara
"MSI MODERN 14 B5M [9S7-14DL24-069] Ryzen 5 5500U 8GB 512GB 14"" FHD W11",//www.lazada.co.id/products/msi-modern-14-b5m-9s7-14dl24-069-ryzen-5-5500u-8gb-512gb-14-fhd-w11-i5885058343.html,Rp9.699.000,,Kota Jakarta Selatan
Laptop Leptop Second Seken bekas Acer Aspire 4 gb 4gb Murah brkualitas,//www.lazada.co.id/products/laptop-leptop-second-seken-bekas-acer-aspire-4-gb-4gb-murah-brkualitas-i6094640803.html,Rp1.955.584,(4),Kota Jakarta Timur
"LAPTOP ASUS L510MA-WB04 15.6"" Backlit / N4020 / 4GB RAM / 128GB / Intel Uhd Graphics / Windows 10 - Star Black (Free tas Laptop Exlusive)",//www.lazada.co.id/products/laptop-asus-l510ma-wb04-156-backlit-n4020-4gb-ram-128gb-intel-uhd-graphics-windows-10-star-black-free-tas-laptop-exlusive-i764248068.html,Rp4.629.834,(26),Kota Surabaya
LAPTOP LENOVO THINKPAD T420 i5 RAM 16 GB SSD 512 GB PROMO MURAH,//www.lazada.co.id/products/laptop-lenovo-thinkpad-t420-i5-ram-16-gb-ssd-512-gb-promo-murah-i6711370338.html,Rp2.490.000,(1),Kota Jakarta Utara
Laptop Lenovo Thinkpad X250 Core i5 Gen 5,//www.lazada.co.id/products/laptop-lenovo-thinkpad-x250-core-i5-gen-5-i4686218437.html,Rp2.650.000,(4),Kota Jakarta Pusat
LAPTOP HP PROOBOOK ELITEBOOK 6450b 8440p RAM 8 GB SSD 512 GB PROMO MURAH BAGUS BERGARANSI,//www.lazada.co.id/products/laptop-hp-proobook-elitebook-6450b-8440p-ram-8-gb-ssd-512-gb-promo-murah-bagus-bergaransi-i6222988587.html,Rp1.990.000,(44),Kota Jakarta Utara
Lenovo Thinkpad X220 seken like new X220 4/320 i3 series Laptop seken grosir,//www.lazada.co.id/products/lenovo-thinkpad-x220-seken-like-new-x220-4320-i3-series-laptop-seken-grosir-i6250940739.html,Rp1.949.000,,Kota Tangerang
Laptop Lenovo Thinkpad T400 R400 T500 Ram 4gb SSD 512gb Promo Murah Bagus Bergaransi,//www.lazada.co.id/products/laptop-lenovo-thinkpad-t400-r400-t500-ram-4gb-ssd-512gb-promo-murah-bagus-bergaransi-i6238568328.html,Rp1.550.000,,Kota Jakarta Utara
LAPTOP LENOVO K26 RAM 8GB SSD 512GB PROMO MURAH BAGUS BERGARANSI,//www.lazada.co.id/products/laptop-lenovo-k26-ram-8gb-ssd-512gb-promo-murah-bagus-bergaransi-i6418568786.html,Rp1.890.000,(1),Kota Jakarta Utara
"CHUWI Resmi GemiBook Laptop Ultra Tipis dan Ringan 13 inci Layar IPS 2K RAM 8G SSD 256GBIntel Celeron J4125 Quad Core 2.5Ghz Full Metal Home and Business PC Backlit Keyboard, PD Fast-Charging pembelajaran online",//www.lazada.co.id/products/chuwi-resmi-gemibook-laptop-ultra-tipis-dan-ringan-13-inci-layar-ips-2k-ram-8g-ssd-256gbintel-celeron-j4125-quad-core-25ghz-full-metal-home-and-business-pc-backlit-keyboard-pd-fast-charging-pembelajaran-online-i2535204784.html,Rp5.489.000,(4),Luar Negeri
"LENOVO IdeaPad 3i 14IGL05 - 81WH0057ID (14""FHD IPS,N4020,4GB,SSD256GB,BLUE)",//www.lazada.co.id/products/lenovo-ideapad-3i-14igl05-81wh0057id-14fhd-ipsn40204gbssd256gbblue-i5776058800.html,Rp5.989.000,(1),Kota Jakarta Timur
Laptop Lenovo Ideapad Flex 3i - 11IGL05 - 5SID / 5TID (Intel Celeron N4020 / 11.6HD / 4GB / 256GB SSD / Integrated / Windows 11 Home / OHS 2021/ 1 Year Warranty) *NO BAG*,//www.lazada.co.id/products/laptop-lenovo-ideapad-flex-3i-11igl05-5sid-5tid-intel-celeron-n4020-116hd-4gb-256gb-ssd-integrated-windows-11-home-ohs-2021-1-year-warranty-no-bag-i1428406640.html,Rp6.053.000,(12),Kota Jakarta Barat
Laptop Dell Latitide E6330 i5 gen3 Ram 16gb SSD 512gb bagus murah bergaransi,//www.lazada.co.id/products/laptop-dell-latitide-e6330-i5-gen3-ram-16gb-ssd-512gb-bagus-murah-bergaransi-i6238556462.html,Rp2.449.999,,Kota Jakarta Utara
"Notebook Lenovo IP 3-14ADA05 ideapad Slim 3- AMD Athlon-3050U - UMA - 4GB DDR4 - 256GB SSD - 14"" FHD - BACKLIT_Keyboard - Windows 10 Home + OHS 2019 - ABYSS BLUE- Laptop Murah - 2 Years",//www.lazada.co.id/products/notebook-lenovo-ip-3-14ada05-ideapad-slim-3-amd-athlon-3050u-uma-4gb-ddr4-256gb-ssd-14-fhd-backlit_keyboard-windows-10-home-ohs-2019-abyss-blue-laptop-murah-2-years-i5022586770.html,Rp4.309.000,,Kota Depok
Laptop Seken Acer Aspire 4750 Core i3 2310 4gb 4 gb 500 gb 500gb murah,//www.lazada.co.id/products/laptop-seken-acer-aspire-4750-core-i3-2310-4gb-4-gb-500-gb-500gb-murah-i6094756928.html,Rp2.579.000,(1),Kota Jakarta Timur
Laptop leptop Bekas Second seken gaming desain programmer ACER 14 inci Core i5 VGA NVIDIA RAM 4G SSD 128,//www.lazada.co.id/products/laptop-leptop-bekas-second-seken-gaming-desain-programmer-acer-14-inci-core-i5-vga-nvidia-ram-4g-ssd-128-i6166034702.html,Rp2.850.000,,Kota Jakarta Timur
"Laptop Murah Samsung Chromebook 4 Celeron 32GB 4GB 11""6 HD RESMI SEIN - Termurah",//www.lazada.co.id/products/laptop-murah-samsung-chromebook-4-celeron-32gb-4gb-116-hd-resmi-sein-termurah-i6192362285.html,Rp2.189.000,(56),Kota Jakarta Pusat
[Ready Limited] Lenovo Ideapad Slim 3 14ALC6 - ALID / G3ID / HQID (AMD Ryzen 5 5500U - 8GB DDR4 - 512GB SSD - Integrated VGA - Windows 10 Home - 2 Years Warranty) Thin & Light,//www.lazada.co.id/products/ready-limited-lenovo-ideapad-slim-3-14alc6-alid-g3id-hqid-amd-ryzen-5-5500u-8gb-ddr4-512gb-ssd-integrated-vga-windows-10-home-2-years-warranty-thin-light-i1103962949.html,Rp10.089.000,(14),Kota Jakarta Barat
[1 Year Warranty] [Free Gift] KUU Brand New Laptop YOBOOK M 13.5 Inch Cheap Student Online Class Laptop 6GB RAM 128GB SSD Ultra-light UHD Screen 3000x2000 Notebook Windows 10 Intel Celeron N4020 Dual Core Ultrabook with Webcam Bluetooth WiFi,//www.lazada.co.id/products/1-year-warranty-free-gift-kuu-brand-new-laptop-yobook-m-135-inch-cheap-student-online-class-laptop-6gb-ram-128gb-ssd-ultra-light-uhd-screen-3000x2000-notebook-windows-10-intel-celeron-n4020-dual-core-ultrabook-with-webcam-bluetooth-wifi-i4230024977.html,Rp3.555.800,(174),Luar Negeri
"Notebook Teclast TBolt F15Pro - Intel Core i3-1005G1 - 12GB LPDDR4 256GB SSD - Intel¬Æ UHD Graphics - 15.6""- WIN10 - Ultrabook Murah Gaming Laptop (Gratis Mouse)",//www.lazada.co.id/products/notebook-teclast-tbolt-f15pro-intel-core-i3-1005g1-12gb-lpddr4-256gb-ssd-intel-uhd-graphics-156-win10-ultrabook-murah-gaming-laptop-gratis-mouse-i5267516018.html,Rp8.342.000,(21),Luar Negeri
"Laptop  Asus L510MA-WB04 - 15.6""FHD Backlit - Intel N4020- RAM 4GB - 128gGB - Intel UHD Graphics - Black - Laptop Murah",//www.lazada.co.id/products/laptop-asus-l510ma-wb04-156fhd-backlit-intel-n4020-ram-4gb-128ggb-intel-uhd-graphics-black-laptop-murah-i6719294160.html,Rp4.652.916,(1),Kota Surabaya
Laptop Lenovo Thinkpad X240 RAM 8GB SSD 512GB SUPER MURAH bagus Bergaransi,//www.lazada.co.id/products/laptop-lenovo-thinkpad-x240-ram-8gb-ssd-512gb-super-murah-bagus-bergaransi-i6238560572.html,Rp2.390.000,,Kota Jakarta Utara
CHUWI Herobook Air üí•Windows11 Mini Laptop 11.6 inch 1366*768 4GB 128GB SSD Intel Celeron Processor N4020 Dual Core Dula Brand Wifi BT 4.2 Lightweight NoteBook Best gif For Student Online Learning,//www.lazada.co.id/products/chuwi-herobook-air-windows11-mini-laptop-116-inch-1366768-4gb-128gb-ssd-intel-celeron-processor-n4020-dual-core-dula-brand-wifi-bt-42-lightweight-notebook-best-gif-for-student-online-learning-i5740112825.html,Rp3.460.000,(36),Luar Negeri
Laptop Lenovo Ideapad 5 Pro - 14ACN6 - 3CID / 3DID 14 Inch 2K IPS (AMD Ryzen 7 - 5800U / 16GB / 512GB SSD / W10 Home / OHS / 2Y Premium Care + ADP),//www.lazada.co.id/products/laptop-lenovo-ideapad-5-pro-14acn6-3cid-3did-14-inch-2k-ips-amd-ryzen-7-5800u-16gb-512gb-ssd-w10-home-ohs-2y-premium-care-adp-i5186176856.html,Rp15.144.000,(2),Kota Jakarta Barat
Laptop Leptop Seken Second Bekas Asus X441S HDMI RAM 3GB HDD 500 GB Pentium Dual Core murah berkualitas Original like new,//www.lazada.co.id/products/laptop-leptop-seken-second-bekas-asus-x441s-hdmi-ram-3gb-hdd-500-gb-pentium-dual-core-murah-berkualitas-original-like-new-i6095134621.html,Rp2.180.673,,Kota Jakarta Timur
"HUAWEI MateBook D15 i5-1135G7 Laptop [Intel i5+8GB+512GB SSD+Win 11] | Sleek Metal Body | 15.6"" FHD Ultrabook | 42Wh",//www.lazada.co.id/products/huawei-matebook-d15-i5-1135g7-laptop-intel-i58gb512gb-ssdwin-11-sleek-metal-body-156-fhd-ultrabook-42wh-i6475092779.html,Rp9.599.000,(1),Kota Jakarta Selatan
"Notebook HP Pavilion Aero Laptop 13-be0003AU (FREE OHS 2019) - AMD Ryzen 7-5800U - 16GB - 512 SSD - PCIe¬Æ NVMe‚Ñ¢¬†- 13.3"" FHD - W11 - Backlit KB - Gold",//www.lazada.co.id/products/notebook-hp-pavilion-aero-laptop-13-be0003au-free-ohs-2019-amd-ryzen-7-5800u-16gb-512-ssd-pcie-nvme-133-fhd-w11-backlit-kb-gold-i6215166484.html,Rp14.864.600,,Kota Depok
KUU Laptop 14.1 FHD 1920x1080 Layar IPS Intel Celeron J4105 8GB DDR4 RAM 128GB/256GB/512GB SSD Ultra HD Graphics Windows 11 Laptop Pelajar dengan WiFi Bluetooth,//www.lazada.co.id/products/kuu-laptop-141-fhd-1920x1080-layar-ips-intel-celeron-j4105-8gb-ddr4-ram-128gb256gb512gb-ssd-ultra-hd-graphics-windows-11-laptop-pelajar-dengan-wifi-bluetooth-i1328788535.html,Rp4.129.999,(155),Luar Negeri
"Laptop Lenovo Thinkbook 14-G2 ITL-9NID Mineral Grey (Intel Core i3-1115G4/4GB/256GBSSD/W10H/OHS/14""""FHDIPS/1Yr)",//www.lazada.co.id/products/laptop-lenovo-thinkbook-14-g2-itl-9nid-mineral-grey-intel-core-i3-1115g44gb256gbssdw10hohs14fhdips1yr-i6252392679.html,Rp9.965.000,,Kota Jakarta Barat
"HP 14s-dk1524AU Silver Laptop Kosumer (4X747PA) / 14"" HD 1366 x 768 / AMD Athlon Silver 3050U / 4GB / AMD Radeon‚Ñ¢ Graphics / 512GBSSD / W10 / Termasuk Microsoft Office Home & Student 2019",//www.lazada.co.id/products/hp-14s-dk1524au-silver-laptop-kosumer-4x747pa-14-hd-1366-x-768-amd-athlon-silver-3050u-4gb-amd-radeon-graphics-512gbssd-w10-termasuk-microsoft-office-home-student-2019-i6085044756.html,Rp4.559.000,(43),Kota Jakarta Utara
"Notebook Lenovo IP 3-14ADA05 ideapad Slim 3- AMD Athlon-3050U - UMA - 4GB DDR4 - 256GB SSD - 14"" FHD - BACKLIT_Keyboard - Windows 10 Home + OHS 2019 - Platinum Grey- Laptop Murah - 2 Years",//www.lazada.co.id/products/notebook-lenovo-ip-3-14ada05-ideapad-slim-3-amd-athlon-3050u-uma-4gb-ddr4-256gb-ssd-14-fhd-backlit_keyboard-windows-10-home-ohs-2019-platinum-grey-laptop-murah-2-years-i5022724113.html,Rp4.309.000,,Kota Depok
Laptop Lenovo V14 G2 - ITL - HDID Iron Grey (Intel Core i3-1115G4 / 4GB / 256GBSSD / Windows 10 Home / OHS 2021 / 14HD TN AG / 1 Year Warranty),//www.lazada.co.id/products/laptop-lenovo-v14-g2-itl-hdid-iron-grey-intel-core-i3-1115g4-4gb-256gbssd-windows-10-home-ohs-2021-14hd-tn-ag-1-year-warranty-i1630382287.html,Rp6.261.000,(1),Kota Jakarta Barat
"„ÄêNew Arrival 2022„ÄëDERE VBook V10 Laptop 360¬∞ Flip-and-fold Layar Sentuh Laptop Layar 11,6 inci harga murah laptop merek baru asli loptop sale harga terendah untuk pelajar Windows 11 (8+256|12+512,Silver)",//www.lazada.co.id/products/new-arrival-2022dere-vbook-v10-laptop-360-flip-and-fold-layar-sentuh-laptop-layar-116-inci-harga-murah-laptop-merek-baru-asli-loptop-sale-harga-terendah-untuk-pelajar-windows-11-825612512silver-i6665776569.html,Rp4.757.659,(1),Luar Negeri
"[LIMITED - FREE TAS LAPTOP] Notebook HP Laptop 14s-dq0508TU (FREE OHS 2019) - Intel Celeron¬Æ N4120 - 4GB - 256 SSD - Intel¬Æ UHD Graphics 600 - 14"" HD - W10 - Backlit KB - Silver - Laptop Murah",//www.lazada.co.id/products/limited-free-tas-laptop-notebook-hp-laptop-14s-dq0508tu-free-ohs-2019-intel-celeron-n4120-4gb-256-ssd-intel-uhd-graphics-600-14-hd-w10-backlit-kb-silver-laptop-murah-i6101402346.html,Rp4.099.000,(118),Kota Medan
LAPTOP LENOVO THINKPAD X230i RAM 16 GB SSD 512 GB PROMO MURAH BAGUS BERGARANSI,//www.lazada.co.id/products/laptop-lenovo-thinkpad-x230i-ram-16-gb-ssd-512-gb-promo-murah-bagus-bergaransi-i6223044462.html,Rp1.890.000,,Kota Jakarta Utara
